c_1200_WP_A_0614_a;c1200
c_1200_WP_A_0614_ef_a;c1200
c_1200_WP_A_0614_ef_em;c1200
c_1200_WP_A_0614_ef_n;c1200
c_1200_WP_A_0614_ef_r;c1200
c_1200_WP_A_0614_n;c1200
c_1200_WP_A_0614_r;c1200
c_1201_WP_A_0614_a;c1201
c_1201_WP_A_0614_ef_a;c1201
c_1201_WP_A_0614_ef_em;c1201
c_1201_WP_A_0614_ef_n;c1201
c_1201_WP_A_0614_ef_r;c1201
c_1201_WP_A_0614_n;c1201
c_1201_WP_A_0614_r;c1201
c1070_2_a;c1070
c1070_a;c1070
c1070_cloth_a;c1070
c1070_cloth_n;c1070
c1070_cloth_r;c1070
c1070_flesh_a;c1070
c1070_flesh_n;c1070
c1070_flesh_r;c1070
c1070_n;c1070
c1070_r;c1070
c1070_tree_a;c1070
c1070_tree_n;c1070
c1070_tree_r;c1070
c1070_WP_A_0403_a;c1070
c1070_WP_A_0403_n;c1070
c1070_WP_A_0403_r;c1070
c1070_wp_a_0404_a;c1070
c1070_wp_a_0404_n;c1070
c1070_wp_a_0404_r;c1070
c1070_WP_A_1406_a;c1070
c1070_WP_A_1406_n;c1070
c1070_WP_A_1406_r;c1070
c1070_WP_A_2017_a;c1070
c1070_WP_A_2017_n;c1070
c1070_WP_A_2017_r;c1070
c1071_2_a;c1071
c1071_a;c1071
c1071_cloth_a;c1071
c1071_cloth_n;c1071
c1071_cloth_r;c1071
c1071_flesh_a;c1071
c1071_flesh_n;c1071
c1071_flesh_r;c1071
c1071_ivy_a;c1071
c1071_ivy_n;c1071
c1071_ivy_r;c1071
c1071_n;c1071
c1071_r;c1071
c1071_tree_a;c1071
c1071_tree_n;c1071
c1071_tree_r;c1071
c1071_WP_A_0403_a;c1071
c1071_WP_A_0403_n;c1071
c1071_WP_A_0403_r;c1071
c1071_wp_a_0404_a;c1071
c1071_wp_a_0404_n;c1071
c1071_wp_a_0404_r;c1071
c1071_WP_A_1406_a;c1071
c1071_WP_A_1406_n;c1071
c1071_WP_A_1406_r;c1071
c1071_WP_A_2017_a;c1071
c1071_WP_A_2017_n;c1071
c1071_WP_A_2017_r;c1071
c1090_0203_a;c1090
c1090_0203_n;c1090
c1090_0203_r;c1090
c1090_jarei_body_01_a;c1090
c1090_jarei_body_01_h;c1090
c1090_jarei_body_01_n;c1090
c1090_jarei_body_01_r;c1090
c1090_jarei_body_02_v;c1090
c1090_jarei_eye_a;c1090
c1090_jarei_eye_em;c1090
c1090_jarei_eye_n;c1090
c1090_jarei_eye_r;c1090
c1090_jarei_horn_01_a;c1090
c1090_jarei_horn_01_n;c1090
c1090_jarei_horn_01_r;c1090
c1090_jarei_mouth_a;c1090
c1090_jarei_mouth_n;c1090
c1090_jarei_mouth_r;c1090
c1100_0101_shusei_a;c1100
c1100_0101_shusei_n;c1100
c1100_0101_shusei_r;c1100
c1100_0201_a;c1100
c1100_0201_n;c1100
c1100_0201_r;c1100
c1100_0203_a;c1100
c1100_0203_n;c1100
c1100_0203_r;c1100
c1100_0900_a;c1100
c1100_0900_n;c1100
c1100_0900_r;c1100
c1100_1404_a;c1100
c1100_1404_n;c1100
c1100_1404_r;c1100
c1100_2011_a;c1100
c1100_2011_n;c1100
c1100_2011_r;c1100
c1100_shield2_a;c1100
c1100_shield2_n;c1100
c1100_shield2_r;c1100
c11001_shield2_a;c1101
c1101_0101_shusei_a;c1101
c1101_0101_shusei_n;c1101
c1101_0101_shusei_r;c1101
c1101_0201_a;c1101
c1101_0201_n;c1101
c1101_0201_r;c1101
c1101_0203_a;c1101
c1101_0203_n;c1101
c1101_0203_r;c1101
c1101_0900_a;c1101
c1101_0900_n;c1101
c1101_0900_r;c1101
c1101_1404_a;c1101
c1101_1404_n;c1101
c1101_1404_r;c1101
c1101_2011_a;c1101
c1101_2011_n;c1101
c1101_2011_r;c1101
c1101_armour_n;c1101
c1101_armour2_a;c1101
c1101_armour2_m;c1101
c1101_armour2_r;c1101
c1101_body_n;c1101
c1101_body_r;c1101
c1101_body2_a;c1101
c1101_body3_a;c1101
c1101_body3_n;c1101
c1101_cappa1_a;c1101
c1101_cappa2_a;c1101
c1101_lg_a;c1101
c1101_lg_n;c1101
c1101_lg_r;c1101
c1101_scarf_01_a;c1101
c1101_shield2_a;c1101
c1101_shield2_n;c1101
c1101_shield2_r;c1101
c1101_shoes2_a;c1101
c1102_0101_shusei_a;c1102
c1102_0101_shusei_n;c1102
c1102_0101_shusei_r;c1102
c1102_0201_a;c1102
c1102_0201_n;c1102
c1102_0201_r;c1102
c1102_0203_a;c1102
c1102_0203_n;c1102
c1102_0203_r;c1102
c1102_0900_a;c1102
c1102_0900_n;c1102
c1102_0900_r;c1102
c1102_1404_a;c1102
c1102_1404_n;c1102
c1102_1404_r;c1102
c1102_2011_a;c1102
c1102_2011_n;c1102
c1102_2011_r;c1102
c1102_armour_n;c1102
c1102_armour2_a;c1102
c1102_body_n;c1102
c1102_body_r;c1102
c1102_body2_a;c1102
c1102_body3_a;c1102
c1102_body3_n;c1102
c1102_cappa_a;c1102
c1102_lg_a;c1102
c1102_lg_n;c1102
c1102_lg_r;c1102
c1102_shield2_a;c1102
c1102_shield2_n;c1102
c1102_shield2_r;c1102
c1105_0705_a;c1105
c1105_0705_n;c1105
c1105_0705_r;c1105
c1105_1003_a;c1105
c1105_1003_n;c1105
c1105_1003_r;c1105
c1106_0705_a;c1106
c1106_0705_n;c1106
c1106_0705_r;c1106
c1106_1003_a;c1106
c1106_1003_n;c1106
c1106_1003_r;c1106
c1106_armour_n;c1106
c1106_armour2_a;c1106
c1106_armour2_r;c1106
c1106_body_n;c1106
c1106_body_r;c1106
c1106_body2_a;c1106
c1106_body3_a;c1106
c1106_body3_n;c1106
c1106_cappa1_a;c1106
c1106_lg_a;c1106
c1106_lg_n;c1106
c1106_lg_r;c1106
c1109_armour2_a;c1109
c1109_armour2_n;c1109
c1109_armour2_r;c1109
c1109_body2_a;c1109
c1109_body2_n;c1109
c1109_body2_r;c1109
c1109_cappa2_a;c1109
c1109_cappa2_n;c1109
c1109_cappa2_r;c1109
c1109_helmet2_a;c1109
c1109_helmet2_n;c1109
c1109_helmet2_r;c1109
c1109_hood_a;c1109
c1109_hood_n;c1109
c1109_hood_r;c1109
c1109_light_a;c1109
c1109_light_n;c1109
c1109_light_r;c1109
c1109_scarf_01_a;c1109
c1109_scarf_01_n;c1109
c1109_scarf_01_r;c1109
c1109_scarf_02_a;c1109
c1109_scarf_02_n;c1109
c1109_scarf_02_r;c1109
c1109_shoes2_a;c1109
c1109_shoes2_n;c1109
c1109_shoes2_r;c1109
c1109_skirt_a;c1109
c1109_skirt_n;c1109
c1109_skirt_r;c1109
c1109_skirt2_a;c1109
c1109_skirt3_a;c1109
c1109_tunic_a;c1109
c1109_tunic_n;c1109
c1109_tunic_r;c1109
c1109_tunic2_a;c1109
c1109_vest_a;c1109
c1109_vest_n;c1109
c1109_vest_r;c1109
c1130_jarei_body_01_a;c1130
c1130_jarei_body_01_m;c1130
c1130_jarei_body_01_n;c1130
c1130_jarei_body_01_r;c1130
c1139_SLUG_a;c1139
c1139_SLUG_n;c1139
c1139_SLUG_r;c1139
c1139_ude_a;c1139
c1139_ude_n;c1139
c1139_ude_r;c1139
c1170_a;c1170
c1170_body_a;c1170
c1170_body_n;c1170
c1170_body_r;c1170
c1170_Machete_01_a;c1170
c1170_Machete_01_n;c1170
c1170_Machete_01_r;c1170
c1170_Machete_02_a;c1170
c1170_Machete_02_n;c1170
c1170_Machete_02_r;c1170
c1170_n;c1170
c1170_r;c1170
c1170_shield01_a;c1170
c1170_shield01_n;c1170
c1170_shield01_r;c1170
c1170_shield02_a;c1170
c1170_shield02_n;c1170
c1170_shield02_r;c1170
c1170_skelecton_a;c1170
c1170_skelecton_n;c1170
c1170_skelecton_r;c1170
c1170_Sword_a;c1170
c1170_Sword_n;c1170
c1170_Sword_r;c1170
c1170_WP_A_1406_a;c1170
c1170_WP_A_1406_n;c1170
c1170_WP_A_1406_r;c1170
c1170_WP_A_1414_a;c1170
c1170_WP_A_1414_n;c1170
c1170_WP_A_1414_r;c1170
c1180_a;c1180
c1180_body_a;c1180
c1180_body_n;c1180
c1180_body_r;c1180
c1180_cloak3_a;c1180
c1180_cloak3_n;c1180
c1180_cloak3_r;c1180
c1180_n;c1180
c1180_ornament_a;c1180
c1180_ornament_n;c1180
c1180_ornament_r;c1180
c1180_r;c1180
c1180_weapon1_a;c1180
c1180_weapon1_n;c1180
c1180_weapon1_r;c1180
c1180_weapon2_a;c1180
c1180_weapon2_n;c1180
c1180_weapon2_r;c1180
c1190_a;c1190
c1190_Crossbow_a;c1190
c1190_Crossbow_n;c1190
c1190_Crossbow_r;c1190
c1190_Hammer02_a;c1190
c1190_Hammer02_n;c1190
c1190_Hammer02_r;c1190
c1190_n;c1190
c1190_r;c1190
c1190_shield_a;c1190
c1190_shield_n;c1190
c1190_shield_r;c1190
c1190_Sword_a;c1190
c1190_Sword_n;c1190
c1190_Sword_r;c1190
c1190_white_a;c1190
c1190_white_n;c1190
c1190_white_r;c1190
c1190_WP_A_0619_a;c1190
c1190_WP_A_0619_n;c1190
c1190_WP_A_0619_r;c1190
c1200_axe;c1200
c1200_axe_a;c1200
c1200_axe_ef_a;c1200
c1200_axe_ef_em;c1200
c1200_axe_ef_n;c1200
c1200_axe_ef_r;c1200
c1200_axe_n;c1200
c1200_axe_r;c1200
c1200_blowgun_a;c1200
c1200_blowgun_n;c1200
c1200_blowgun_r;c1200
c1200_body_a;c1200
c1200_body_n;c1200
c1200_body_r;c1200
c1200_warpick_a;c1200
c1200_warpick_ef_a;c1200
c1200_warpick_ef_em;c1200
c1200_warpick_ef_n;c1200
c1200_warpick_ef_r;c1200
c1200_warpick_n;c1200
c1200_warpick_r;c1200
c1201_axe;c1201
c1201_axe_a;c1201
c1201_axe_ef_a;c1201
c1201_axe_ef_em;c1201
c1201_axe_ef_n;c1201
c1201_axe_ef_r;c1201
c1201_axe_n;c1201
c1201_axe_r;c1201
c1201_blowgun_a;c1201
c1201_blowgun_n;c1201
c1201_blowgun_r;c1201
c1201_body_a;c1201
c1201_body_n;c1201
c1201_body_r;c1201
c1201_warpick_a;c1201
c1201_warpick_ef_a;c1201
c1201_warpick_ef_em;c1201
c1201_warpick_ef_n;c1201
c1201_warpick_ef_r;c1201
c1201_warpick_n;c1201
c1201_warpick_r;c1201
c1210_a;c1210
c1210_body_a;c1210
c1210_body_n;c1210
c1210_body_r;c1210
c1210_cloth_a;c1210
c1210_cloth_n;c1210
c1210_cloth_r;c1210
c1210_d;c1210
c1210_hair_a;c1210
c1210_hair_n;c1210
c1210_hair_r;c1210
c1210_head_a;c1210
c1210_head_n;c1210
c1210_head_r;c1210
c1210_m;c1210
c1210_machete1_a;c1210
c1210_machete1_n;c1210
c1210_machete1_r;c1210
c1210_machete2_a;c1210
c1210_machete2_n;c1210
c1210_machete2_r;c1210
c1210_n;c1210
c1210_r;c1210
c1210_shield01_a;c1210
c1210_shield01_n;c1210
c1210_shield01_r;c1210
c1210_shield02_a;c1210
c1210_shield02_n;c1210
c1210_shield02_r;c1210
c1210_spear_a;c1210
c1210_spear_n;c1210
c1210_spear_r;c1210
c1210_Sword_a;c1210
c1210_Sword_n;c1210
c1210_Sword_r;c1210
c1210_tomahawk_a;c1210
c1210_tomahawk_n;c1210
c1210_tomahawk_r;c1210
c1211_body_a;c1211
c1211_body_n;c1211
c1211_body_r;c1211
c1211_cloth_a;c1211
c1211_cloth_n;c1211
c1211_cloth_r;c1211
c1211_hair_a;c1211
c1211_hair_n;c1211
c1211_hair_r;c1211
c1211_head_a;c1211
c1211_head_n;c1211
c1211_head_r;c1211
c1211_machete_a;c1211
c1211_machete_n;c1211
c1211_machete_r;c1211
c1211_shield_a;c1211
c1211_shield_n;c1211
c1211_shield_r;c1211
c1211_spear_a;c1211
c1211_spear_n;c1211
c1211_spear_r;c1211
c1211_wand_a;c1211
c1211_wand_n;c1211
c1211_wand_r;c1211
c1220_a;c1220
c1220_n;c1220
c1220_r;c1220
c1220_single_a;c1220
c1229_worm_01_a;c1229
c1229_worm_01_h;c1229
c1229_worm_01_n;c1229
c1229_worm_01_r;c1229
c1229_worm_02_v;c1229
c1230_a;c1230
c1230_book_a;c1230
c1230_book_n;c1230
c1230_book_r;c1230
c1230_n;c1230
c1230_r;c1230
c1230_wp_01_a;c1230
c1230_wp_01_n;c1230
c1230_wp_01_r;c1230
c1230_wp_02_a;c1230
c1230_wp_02_n;c1230
c1230_wp_02_r;c1230
c1230_wp_03_a;c1230
c1230_wp_03_n;c1230
c1230_wp_03_r;c1230
c1240_body_a;c1240
c1240_body_n;c1240
c1240_body_r;c1240
c1240_body2_a;c1240
c1240_body3_a;c1240
c1240_cloths_a;c1240
c1240_cloths_n;c1240
c1240_light_a;c1240
c1240_light_n;c1240
c1240_light_r;c1240
c1240_nata_a;c1240
c1240_nata_n;c1240
c1240_nata_r;c1240
c1240_weapons_1_a;c1240
c1240_weapons_1_n;c1240
c1240_weapons_1_r;c1240
c1240_weapons_2_a;c1240
c1240_weapons_2_n;c1240
c1240_weapons_2_r;c1240
c1240_weapons_3_a;c1240
c1240_weapons_3_n;c1240
c1240_weapons_3_r;c1240
c1240_wepon_a;c1240
c1240_wepon_n;c1240
c1240_wepon_r;c1240
c1241_1404_a;c1241
c1241_1404_n;c1241
c1241_1404_r;c1241
c1241_body_a;c1241
c1241_body_n;c1241
c1241_body_r;c1241
c1241_light_a;c1241
c1241_light_n;c1241
c1241_light_r;c1241
c1241_weapons_2_a;c1241
c1241_weapons_2_n;c1241
c1241_weapons_2_r;c1241
c1241_weapons_3_a;c1241
c1241_weapons_3_n;c1241
c1241_weapons_3_r;c1241
c1241_WP_A_0252_a;c1241
c1241_WP_A_0252_n;c1241
c1241_WP_A_0252_r;c1241
c1250_a;c1250
c1250_n;c1250
c1250_r;c1250
c1250_sword_a;c1250
c1250_sword_n;c1250
c1250_sword_r;c1250
c1260_a;c1260
c1260_cage_a;c1260
c1260_cage_n;c1260
c1260_cage_r;c1260
c1260_cloth_a;c1260
c1260_cloth_n;c1260
c1260_cloth_r;c1260
c1260_corpse_a;c1260
c1260_corpse_n;c1260
c1260_corpse_r;c1260
c1260_n;c1260
c1260_r;c1260
c1260_weapon_01_a;c1260
c1260_weapon_01_n;c1260
c1260_weapon_01_r;c1260
c1260_weapon_02_a;c1260
c1260_weapon_02_n;c1260
c1260_weapon_02_r;c1260
c1260_wood_a;c1260
c1260_wood_n;c1260
c1260_wood_r;c1260
c1280_body_a;c1280
c1280_body_n;c1280
c1280_body_r;c1280
c1280_cloak_a;c1280
c1280_cloak_n;c1280
c1280_cloak_r;c1280
c1280_crossbow_a;c1280
c1280_crossbow_n;c1280
c1280_crossbow_r;c1280
c1280_shield_a;c1280
c1280_shield_n;c1280
c1280_shield_r;c1280
c1280_shield1_a;c1280
c1280_shield1_n;c1280
c1280_shield1_r;c1280
c1280_sword_a;c1280
c1280_sword_n;c1280
c1280_sword_r;c1280
c1280_weapon_01_a;c1280
c1280_weapon_01_n;c1280
c1280_weapon_01_r;c1280
c1280_weapon_02_a;c1280
c1280_weapon_02_n;c1280
c1280_weapon_02_r;c1280
c1281_body_a;c1281
c1281_body_n;c1281
c1281_body_r;c1281
c1281_cloak_a;c1281
c1281_cloak_n;c1281
c1281_cloak_r;c1281
c1281_crossbow_a;c1281
c1281_crossbow_n;c1281
c1281_crossbow_r;c1281
c1281_shield_a;c1281
c1281_shield_n;c1281
c1281_shield_r;c1281
c1281_shield1_a;c1281
c1281_shield1_n;c1281
c1281_shield1_r;c1281
c1281_sword_a;c1281
c1281_sword_n;c1281
c1281_sword_r;c1281
c1281_weapon_01_a;c1281
c1281_weapon_01_n;c1281
c1281_weapon_01_r;c1281
c1281_weapon_02_a;c1281
c1281_weapon_02_n;c1281
c1281_weapon_02_r;c1281
c1282_body_a;c1282
c1282_body_n;c1282
c1282_body_r;c1282
c1282_cloak_a;c1282
c1282_cloak_n;c1282
c1282_cloak_r;c1282
c1282_crossbow_a;c1282
c1282_crossbow_n;c1282
c1282_crossbow_r;c1282
c1282_shield_a;c1282
c1282_shield_n;c1282
c1282_shield_r;c1282
c1282_shield1_a;c1282
c1282_shield1_n;c1282
c1282_shield1_r;c1282
c1282_sword_a;c1282
c1282_sword_n;c1282
c1282_sword_r;c1282
c1282_weapon_01_a;c1282
c1282_weapon_01_n;c1282
c1282_weapon_01_r;c1282
c1282_weapon_02_a;c1282
c1282_weapon_02_n;c1282
c1282_weapon_02_r;c1282
c1283_body_a;c1283
c1283_body_n;c1283
c1283_body_r;c1283
c1283_cloak_a;c1283
c1283_cloak_n;c1283
c1283_cloak_r;c1283
c1283_ivy_a;c1283
c1283_ivy_n;c1283
c1283_ivy_r;c1283
c1283_ivy_s;c1283
c1283_shield_a;c1283
c1283_shield_n;c1283
c1283_shield_r;c1283
c1283_shield1_a;c1283
c1283_shield1_n;c1283
c1283_shield1_r;c1283
c1283_sword_a;c1283
c1283_sword_n;c1283
c1283_sword_r;c1283
c1283_weapon_01_a;c1283
c1283_weapon_01_n;c1283
c1283_weapon_01_r;c1283
c1283_weapon_02_a;c1283
c1283_weapon_02_n;c1283
c1283_weapon_02_r;c1283
c1283_WP_A_0925_a;c1283
c1283_WP_A_0925_flag_a;c1283
c1283_WP_A_0925_flag_em;c1283
c1283_WP_A_0925_flag_n;c1283
c1283_WP_A_0925_flag_r;c1283
c1283_WP_A_0925_n;c1283
c1283_WP_A_0925_r;c1283
c1290_Body_a;c1290
c1290_Body_n;c1290
c1290_Body_r;c1290
c1290_chain_a;c1290
c1290_chain_n;c1290
c1290_chain_r;c1290
c1290_goldBody_r;c1290
c1290_goldWeapon_r;c1290
c1290_goldWeapon2_a;c1290
c1290_goldWeapon2_r;c1290
c1290_Weapon_a;c1290
c1290_Weapon_n;c1290
c1290_Weapon_r;c1290
c1290_Weapon2_a;c1290
c1290_Weapon2_n;c1290
c1290_Weapon2_r;c1290
c1290_wing_center_a;c1290
c1290_wing_center_n;c1290
c1290_wing_center_r;c1290
c1290_wing_feather_a;c1290
c1290_wing_feather_n;c1290
c1290_wing_feather_r;c1290
c1300_0625_a;c1300
c1300_0625_n;c1300
c1300_0625_r;c1300
c1300_2110_a;c1300
c1300_2110_n;c1300
c1300_2110_r;c1300
c1300_arm5400_a;c1300
c1300_arm5400_n;c1300
c1300_arm5400_r;c1300
c1300_chest5400_a;c1300
c1300_chest5400_n;c1300
c1300_chest5400_r;c1300
c1300_head5400_a;c1300
c1300_head5400_n;c1300
c1300_head5400_r;c1300
c1300_leg5400_a;c1300
c1300_leg5400_n;c1300
c1300_leg5400_r;c1300
c1300_weapon1_a;c1300
c1300_weapon1_n;c1300
c1300_weapon1_r;c1300
c1300_weapon2_a;c1300
c1300_weapon2_n;c1300
c1300_weapon2_r;c1300
c1300_weapon3_a;c1300
c1300_weapon3_n;c1300
c1300_weapon3_r;c1300
c1310_a;c1310
c1310_h;c1310
c1310_n;c1310
c1310_r;c1310
c1310_sword_a;c1310
c1310_sword_em;c1310
c1310_sword_n;c1310
c1310_sword_r;c1310
c1320_a;c1320
c1320_Ball_a;c1320
c1320_Ball_n;c1320
c1320_Ball_r;c1320
c1320_botom_a;c1320
c1320_botom_n;c1320
c1320_botom_r;c1320
c1320_n;c1320
c1320_necklace_a;c1320
c1320_necklace_n;c1320
c1320_necklace_r;c1320
c1320_r;c1320
c1320_Skirt01_a;c1320
c1320_Skirt01_n;c1320
c1320_Skirt01_r;c1320
c1320_Skirt02_a;c1320
c1320_Skirt02_n;c1320
c1320_Skirt02_r;c1320
c1320_Skirt03_a;c1320
c1320_Skirt03_n;c1320
c1320_Skirt03_r;c1320
c1320_top_a;c1320
c1320_top_n;c1320
c1320_top_r;c1320
c1320_top_sm;c1320
c1320_WP_A_0304_a;c1320
c1320_WP_A_0304_n;c1320
c1320_WP_A_0304_r;c1320
c1321_a;c1321
c1321_Ball_a;c1321
c1321_Ball_n;c1321
c1321_Ball_r;c1321
c1321_botom_a;c1321
c1321_botom_n;c1321
c1321_botom_r;c1321
c1321_hair_a;c1321
c1321_hair_n;c1321
c1321_hair_r;c1321
c1321_n;c1321
c1321_necklace_a;c1321
c1321_necklace_n;c1321
c1321_necklace_r;c1321
c1321_r;c1321
c1321_Skirt01_a;c1321
c1321_Skirt01_n;c1321
c1321_Skirt01_r;c1321
c1321_Skirt02_a;c1321
c1321_Skirt02_n;c1321
c1321_Skirt02_r;c1321
c1321_Skirt03_a;c1321
c1321_Skirt03_n;c1321
c1321_Skirt03_r;c1321
c1321_top_a;c1321
c1321_top_n;c1321
c1321_top_r;c1321
c1321_top_sm;c1321
c1321_WP_A_0300_a;c1321
c1321_WP_A_0300_n;c1321
c1321_WP_A_0300_r;c1321
c1340_a;c1340
c1340_n;c1340
c1340_r;c1340
c1340_Wax_Cadaver_a;c1340
c1340_Wax_Cadaver_n;c1340
c1340_Wax_Cadaver_r;c1340
c1340_Wax_Cadaver_scatteringMask;c1340
c1340_waxscroll_a;c1340
c1340_waxscroll_n;c1340
c1340_waxscroll_r;c1340
c1340_Weapon_01_a;c1340
c1340_Weapon_01_n;c1340
c1340_Weapon_01_r;c1340
c1340_Weapon_01_scatteringMask;c1340
c1340_Weapon_02_a;c1340
c1340_Weapon_02_n;c1340
c1340_Weapon_02_r;c1340
c1340_Weapon_02_scatteringMask;c1340
c1350_0602_a;c1350
c1350_0602_n;c1350
c1350_0602_r;c1350
c1350_a;c1350
c1350_body_a;c1350
c1350_body_n;c1350
c1350_body_r;c1350
c1350_body2_a;c1350
c1350_cloths_2_a;c1350
c1350_cloths_a;c1350
c1350_cloths_n;c1350
c1350_cloths_r;c1350
c1350_hair_2_a;c1350
c1350_hair_a;c1350
c1350_hair_n;c1350
c1350_hair_r;c1350
c1350_n;c1350
c1350_r;c1350
c1350_wand_a;c1350
c1350_wand_n;c1350
c1350_wand_r;c1350
c1350_weapon2_a;c1350
c1350_weapon2_n;c1350
c1350_weapon2_r;c1350
c1360_body2_a;c1360
c1360_body2_n;c1360
c1360_body2_r;c1360
c1360_cloth_a;c1360
c1360_cloth_n;c1360
c1360_cloth_r;c1360
c1360_etc2_a;c1360
c1360_etc2_n;c1360
c1360_etc2_r;c1360
c1370_body2_a;c1370
c1370_body2_n;c1370
c1370_body2_r;c1370
c1370_cloth2_a;c1370
c1370_cloth2_n;c1370
c1370_cloth2_r;c1370
c1370_eye2_a;c1370
c1370_eye2_n;c1370
c1370_eye2_r;c1370
c1370_hair_a;c1370
c1370_hair_n;c1370
c1370_skirt_a;c1370
c1370_skirt_n;c1370
c1370_skirt_r;c1370
c1370_skirt2_a;c1370
c1370_tunic_a;c1370
c1370_tunic_n;c1370
c1370_tunic_r;c1370
c1370_vest_a;c1370
c1370_vest_n;c1370
c1370_vest_r;c1370
c1370_wepon_wood_a;c1370
c1370_wepon_wood_n;c1370
c1370_wepon_wood_r;c1370
c1370_zubon_a;c1370
c1370_zubon_n;c1370
c1370_zubon_r;c1370
c1380_1200_a;c1380
c1380_1200_n;c1380
c1380_1200_r;c1380
c1380_a;c1380
c1380_n;c1380
c1380_r;c1380
c1380_weapons_a;c1380
c1380_weapons_n;c1380
c1380_weapons_r;c1380
c1390_0409_a;c1390
c1390_0409_n;c1390
c1390_0409_r;c1390
c1390_2001_a;c1390
c1390_2001_n;c1390
c1390_2001_r;c1390
c1390_knife_a;c1390
c1390_knife_n;c1390
c1390_knife_r;c1390
c1390_shield_a;c1390
c1390_shield_n;c1390
c1390_shield_r;c1390
c1391_cloths_a;c1391
c1391_cloths_n;c1391
c1391_cloths_r;c1391
c1391_weapon_a;c1391
c1391_weapon_n;c1391
c1391_weapon_r;c1391
c1391_WP_A_0701_a;c1391
c1391_WP_A_0701_n;c1391
c1391_WP_A_0701_r;c1391
c1399_a;c1399
c1399_n;c1399
c1399_r;c1399
c1400_arm_a;c1400
c1400_arm_n;c1400
c1400_arm_r;c1400
c1400_body_a;c1400
c1400_body_n;c1400
c1400_body_r;c1400
c1400_hair_a;c1400
c1400_hair_n;c1400
c1400_hair_r;c1400
c1400_head_a;c1400
c1400_head_n;c1400
c1400_head_r;c1400
c1400_leg_a;c1400
c1400_leg_n;c1400
c1400_leg_r;c1400
c1400_manteau_a;c1400
c1400_manteau_n;c1400
c1400_manteau_r;c1400
c1400_skin_a;c1400
c1400_skin_m;c1400
c1400_skin_n;c1400
c1400_skin_r;c1400
c1400_v;c1400
c1410_AM8500_a;c1410
c1410_AM8500_n;c1410
c1410_AM8500_r;c1410
c1410_arrow_a;c1410
c1410_arrow_n;c1410
c1410_arrow_r;c1410
c1410_BD8500_1_a;c1410
c1410_BD8500_1_n;c1410
c1410_BD8500_1_r;c1410
c1410_BD8500_2_a;c1410
c1410_BD8500_2_n;c1410
c1410_BD8500_2_r;c1410
c1410_HD8500_a;c1410
c1410_HD8500_n;c1410
c1410_HD8500_r;c1410
c1410_LG8500_a;c1410
c1410_LG8500_n;c1410
c1410_LG8500_r;c1410
c1410_shield_a;c1410
c1410_shield_n;c1410
c1410_shield_r;c1410
c1410_spear_a;c1410
c1410_spear_n;c1410
c1410_spear_r;c1410
c1410_spear_s;c1410
c1410_sword_a;c1410
c1410_sword_n;c1410
c1410_sword_r;c1410
c1410_WP1360_a;c1410
c1410_WP1360_n;c1410
c1410_WP1360_r;c1410
c1430_0101_shusei_a;c1430
c1430_0101_shusei_n;c1430
c1430_0101_shusei_r;c1430
c1430_0201_a;c1430
c1430_0201_n;c1430
c1430_0201_r;c1430
c1430_0203_a;c1430
c1430_0203_n;c1430
c1430_0203_r;c1430
c1430_0900_a;c1430
c1430_0900_n;c1430
c1430_0900_r;c1430
c1430_1404_a;c1430
c1430_1404_n;c1430
c1430_1404_r;c1430
c1430_2011_a;c1430
c1430_2011_n;c1430
c1430_2011_r;c1430
c1430_body2_a;c1430
c1430_body2_n;c1430
c1430_body2_r;c1430
c1430_cape_a;c1430
c1430_cape_n;c1430
c1430_cape_r;c1430
c1430_chestcloth_a;c1430
c1430_chestcloth_n;c1430
c1430_chestcloth_r;c1430
c1430_hood_a;c1430
c1430_hood_n;c1430
c1430_hood_r;c1430
c1430_light_a;c1430
c1430_light_n;c1430
c1430_light_r;c1430
c1430_shield_a;c1430
c1430_shield_n;c1430
c1430_shield_r;c1430
c1430_shoes2_a;c1430
c1430_shoes2_n;c1430
c1430_shoes2_r;c1430
c1430_tunic_a;c1430
c1430_tunic_n;c1430
c1430_tunic_r;c1430
c1440_a;c1440
c1440_D1_a;c1440
c1440_D1_n;c1440
c1440_D1_r;c1440
c1440_D2_a;c1440
c1440_D2_n;c1440
c1440_D2_r;c1440
c1440_hood_a;c1440
c1440_hood_n;c1440
c1440_hood_r;c1440
c1440_n;c1440
c1440_r;c1440
c1440_shield_a;c1440
c1440_shield_n;c1440
c1440_shield_r;c1440
c1440_tunic_a;c1440
c1440_tunic_D1_a;c1440
c1440_tunic_D1_n;c1440
c1440_tunic_D1_r;c1440
c1440_tunic_D2_a;c1440
c1440_tunic_D2_n;c1440
c1440_tunic_D2_r;c1440
c1440_tunic_n;c1440
c1440_tunic_r;c1440
c1440_WP_A_1322_a;c1440
c1440_WP_A_1322_n;c1440
c1440_WP_A_1322_r;c1440
c1440_WP_A_1405_a;c1440
c1440_WP_A_1405_n;c1440
c1440_WP_A_1405_r;c1440
c1441_a;c1441
c1441_D1_a;c1441
c1441_D1_n;c1441
c1441_D1_r;c1441
c1441_D2_a;c1441
c1441_D2_n;c1441
c1441_D2_r;c1441
c1441_hood_a;c1441
c1441_hood_n;c1441
c1441_hood_r;c1441
c1441_n;c1441
c1441_r;c1441
c1441_shield_a;c1441
c1441_shield_n;c1441
c1441_shield_r;c1441
c1441_tunic_a;c1441
c1441_tunic_D1_a;c1441
c1441_tunic_D1_n;c1441
c1441_tunic_D1_r;c1441
c1441_tunic_D2_a;c1441
c1441_tunic_D2_n;c1441
c1441_tunic_D2_r;c1441
c1441_tunic_n;c1441
c1441_tunic_r;c1441
c1441_WP_A_1322_a;c1441
c1441_WP_A_1322_n;c1441
c1441_WP_A_1322_r;c1441
c1441_WP_A_1405_a;c1441
c1441_WP_A_1405_n;c1441
c1441_WP_A_1405_r;c1441
c1442_body_a;c1442
c1442_body_n;c1442
c1442_body_r;c1442
c1442_body2_a;c1442
c1442_body3_a;c1442
c1442_body3_n;c1442
c1442_body3_r;c1442
c1442_bottom_a;c1442
c1442_bottom_n;c1442
c1442_bottom_r;c1442
c1442_food_HD4020_a;c1442
c1442_food_HD4020_n;c1442
c1442_food_HD4020_r;c1442
c1442_hood_a;c1442
c1442_hood_n;c1442
c1442_hood_r;c1442
c1442_mask_a;c1442
c1442_mask_n;c1442
c1442_mask_r;c1442
c1442_shield_a;c1442
c1442_shield_n;c1442
c1442_shield_r;c1442
c1442_WP_A_1322_a;c1442
c1442_WP_A_1322_n;c1442
c1442_WP_A_1322_r;c1442
c1442_WP_A_1405_a;c1442
c1442_WP_A_1405_n;c1442
c1442_WP_A_1405_r;c1442
c1445_0705_a;c1445
c1445_0705_n;c1445
c1445_0705_r;c1445
c1445_1003_a;c1445
c1445_1003_n;c1445
c1445_1003_r;c1445
c1445_a;c1445
c1445_n;c1445
c1445_r;c1445
c1445_tunic_a;c1445
c1445_tunic_n;c1445
c1445_tunic_r;c1445
c1446_a;c1446
c1446_hat_a;c1446
c1446_hat_n;c1446
c1446_hat_r;c1446
c1446_hood_a;c1446
c1446_hood_n;c1446
c1446_hood_r;c1446
c1446_n;c1446
c1446_r;c1446
c1446_tunic_a;c1446
c1446_tunic_n;c1446
c1446_tunic_r;c1446
c1449_0101_shusei_a;c1449
c1449_0101_shusei_n;c1449
c1449_0101_shusei_r;c1449
c1449_0201_a;c1449
c1449_0201_n;c1449
c1449_0201_r;c1449
c1449_0203_a;c1449
c1449_0203_n;c1449
c1449_0203_r;c1449
c1449_0900_a;c1449
c1449_0900_n;c1449
c1449_0900_r;c1449
c1449_1404_a;c1449
c1449_1404_n;c1449
c1449_1404_r;c1449
c1449_body2_a;c1449
c1449_body2_n;c1449
c1449_body2_r;c1449
c1449_light_a;c1449
c1449_light_n;c1449
c1449_light_r;c1449
c1449_WP_A_1306_a;c1449
c1449_WP_A_1306_n;c1449
c1449_WP_A_1306_r;c1449
c1449_wp_a_8000_a;c1449
c1449_wp_a_8000_n;c1449
c1449_wp_a_8000_r;c1449
c1450_01_a;c1450
c1450_01_n;c1450
c1450_01_r;c1450
c1450_02_a;c1450
c1450_02_em;c1450
c1450_02_n;c1450
c1450_02_r;c1450
c1470_1_a;c1470
c1470_1_n;c1470
c1470_1_r;c1470
c1470_2_a;c1470
c1470_2_n;c1470
c1470_2_r;c1470
c1470_3_a;c1470
c1470_3_n;c1470
c1470_3_r;c1470
c2029_body_a;c2029
c2029_body_n;c2029
c2029_body_r;c2029
c2029_fur_a;c2029
c2029_fur_n;c2029
c2029_fur2_a;c2029
c2029_fur2_n;c2029
c2029_fur3_a;c2029
c2029_fur3_n;c2029
c2030_a;c2030
c2030_Cape_a;c2030
c2030_Cape_n;c2030
c2030_Cape_r;c2030
c2030_n;c2030
c2030_r;c2030
c2030_Shield_a;c2030
c2030_Shield_n;c2030
c2030_Shield_r;c2030
c2030_Sleeve_a;c2030
c2030_Sleeve_n;c2030
c2030_Sleeve_r;c2030
c2030_Weapon_a;c2030
c2030_Weapon_n;c2030
c2030_Weapon_r;c2030
c2040_body_a;c2040
c2040_body_n;c2040
c2040_body_r;c2040
c2040_hair_a;c2040
c2040_hair_n;c2040
c2040_hair_r;c2040
c2060_worm_02_a;c2060
c2060_worm_02_n;c2060
c2060_worm_02_r;c2060
c2070_a;c2070
c2070_cloak_a_a;c2070
c2070_cloak_a_n;c2070
c2070_cloak_a_r;c2070
c2070_cloak_c_a;c2070
c2070_cloak_c_n;c2070
c2070_cloak_c_r;c2070
c2070_cloth_a;c2070
c2070_cloth_n;c2070
c2070_cloth_r;c2070
c2070_lance_a;c2070
c2070_lance_n;c2070
c2070_lance_r;c2070
c2070_n;c2070
c2070_r;c2070
c2070_sword_a;c2070
c2070_sword_n;c2070
c2070_sword_r;c2070
c2080_body_a;c2080
c2080_body_n;c2080
c2080_body_r;c2080
c2080_body2_a;c2080
c2080_body2_n;c2080
c2080_body2_r;c2080
c2090_a;c2090
c2090_dragon_a;c2090
c2090_dragon_n;c2090
c2090_dragon_r;c2090
c2090_feather_a;c2090
c2090_feather_n;c2090
c2090_feather_r;c2090
c2090_featherdead_a;c2090
c2090_n;c2090
c2090_r;c2090
c2090_weapon_01_a;c2090
c2090_weapon_01_n;c2090
c2090_weapon_01_r;c2090
c2090_weapon_02_a;c2090
c2090_weapon_02_n;c2090
c2090_weapon_02_r;c2090
c2100_body_a;c2100
c2100_body_n;c2100
c2100_body_r;c2100
c2100_hair_a;c2100
c2100_hair_n;c2100
c2100_hair_r;c2100
c2110_a;c2110
c2110_fur_a;c2110
c2110_fur_n;c2110
c2110_fur_r;c2110
c2110_n;c2110
c2110_r;c2110
c2110_rat;c2110
c2110_rat_2;c2110
c2110_rat_2_n;c2110
c2110_rat_2_s;c2110
c2110_rat_n;c2110
c2110_rat_s;c2110
c2120_a;c2120
c2120_n;c2120
c2120_o000200_a;c2120
c2120_o000200_n;c2120
c2120_o000200_r;c2120
c2120_r;c2120
c2130_body_a;c2130
c2130_body_m;c2130
c2130_body_n;c2130
c2130_body_r;c2130
c2130_c1210_shield01_a;c2130
c2130_c1210_shield01_n;c2130
c2130_c1210_shield01_r;c2130
c2131_body_a;c2131
c2131_body_h;c2131
c2131_body_n;c2131
c2131_body_r;c2131
c2131_body_v;c2131
c2131_c1210_shield01_a;c2131
c2131_c1210_shield01_n;c2131
c2131_c1210_shield01_r;c2131
c2132_body_a;c2132
c2132_body_e;c2132
c2132_body_m;c2132
c2132_body_n;c2132
c2132_body_r;c2132
c2132_c1210_shield01_a;c2132
c2132_c1210_shield01_e;c2132
c2132_c1210_shield01_n;c2132
c2132_c1210_shield01_r;c2132
c2140;c2140
c2140_a;c2140
c2140_n;c2140
c2140_r;c2140
c2140_s;c2140
c2150;c2150
c2150_a;c2150
c2150_em;c2150
c2150_n;c2150
c2150_r;c2150
c2150_red_em;c2150
c2150_s;c2150
c2160_body_a;c2160
c2160_body_n;c2160
c2160_body_r;c2160
c2160_Tatter_a;c2160
c2160_Tatter_n;c2160
c2160_Tatter_r;c2160
c2160_weapon_a;c2160
c2160_weapon_n;c2160
c2160_weapon_r;c2160
c2170_a;c2170
c2170_bell_a;c2170
c2170_bell_n;c2170
c2170_bell_r;c2170
c2170_eye_a;c2170
c2170_eye_n;c2170
c2170_eye_r;c2170
c2170_hairs_a;c2170
c2170_hairs_n;c2170
c2170_hairs_r;c2170
c2170_m;c2170
c2170_n;c2170
c2170_r;c2170
c2170_veil_a;c2170
c2170_veil_n;c2170
c2180_a;c2180
c2180_n;c2180
c2180_r;c2180
c2180_weapon_a;c2180
c2180_weapon_n;c2180
c2180_weapon_r;c2180
c2190_a;c2190
c2190_body_a;c2190
c2190_body_n;c2190
c2190_body_r;c2190
c2190_n;c2190
c2190_r;c2190
c2190_weapon01_a;c2190
c2190_weapon01_n;c2190
c2190_weapon01_r;c2190
c2190_weapon02_a;c2190
c2190_weapon02_n;c2190
c2190_weapon02_r;c2190
c2190_wing_a;c2190
c2190_wing_n;c2190
c2190_wing_r;c2190
c2191_body_a;c2191
c2191_body_n;c2191
c2191_body_r;c2191
c2191_weapon01_a;c2191
c2191_weapon01_n;c2191
c2191_weapon01_r;c2191
c2191_weapon02_a;c2191
c2191_weapon02_n;c2191
c2191_weapon02_r;c2191
c2191_wing_a;c2191
c2191_wing_n;c2191
c2191_wing_r;c2191
c2200_head_a;c2200
c2200_head_m;c2200
c2200_head_n;c2200
c2200_head_r;c2200
c2209_body_a;c2209
c2209_body_n;c2209
c2209_body_r;c2209
c2210_body_a;c2210
c2210_body_n;c2210
c2210_body_r;c2210
c2210_hair_a_a;c2210
c2210_hair_a_n;c2210
c2210_hair_a_r;c2210
c2210_hair_b_a;c2210
c2210_hair_b_n;c2210
c2210_hair_b_r;c2210
c2210_weapon01_a;c2210
c2210_weapon01_n;c2210
c2210_weapon01_r;c2210
c2210_weapon02_a;c2210
c2210_weapon02_n;c2210
c2210_weapon02_r;c2210
c2210_weapon03_a;c2210
c2210_weapon03_n;c2210
c2210_weapon03_r;c2210
c2230_anotherbody_a;c2230
c2230_anotheretc_a;c2230
c2230_body_a;c2230
c2230_body_n;c2230
c2230_body_r;c2230
c2230_etc_a;c2230
c2230_etc_n;c2230
c2230_etc_r;c2230
c2230_weapon_a;c2230
c2230_weapon_e;c2230
c2230_weapon_n;c2230
c2230_weapon_r;c2230
c2230_WP_A_0112_a;c2230
c2230_WP_A_0112_n;c2230
c2230_WP_A_0112_r;c2230
c2239_body_a;c2239
c2239_body_n;c2239
c2239_body_r;c2239
c2239_etc_a;c2239
c2239_etc_n;c2239
c2239_etc_r;c2239
c2240_arm_a;c2240
c2240_arm_n;c2240
c2240_arm_r;c2240
c2240_back_a;c2240
c2240_back_n;c2240
c2240_back_r;c2240
c2240_cloth_a;c2240
c2240_cloth_n;c2240
c2240_cloth_r;c2240
c2240_hair_a;c2240
c2240_hair_n;c2240
c2240_hair_r;c2240
c2240_head_a;c2240
c2240_head_n;c2240
c2240_head_r;c2240
c2240_leg_a;c2240
c2240_leg_n;c2240
c2240_leg_r;c2240
c2240_weapon_01_a;c2240
c2240_weapon_01_n;c2240
c2240_weapon_01_r;c2240
c2250_a;c2250
c2250_hair_a;c2250
c2250_hair_n;c2250
c2250_hair_r;c2250
c2250_n;c2250
c2250_r;c2250
c2260_01_a;c2260
c2260_01_n;c2260
c2260_01_r;c2260
c2260_02_a;c2260
c2260_02_n;c2260
c2260_02_r;c2260
c2260_03_a;c2260
c2260_03_n;c2260
c2260_03_r;c2260
c2260_04_a;c2260
c2260_04_n;c2260
c2260_04_r;c2260
c2279_01_a;c2279
c2279_01_n;c2279
c2279_01_r;c2279
c2279_02_a;c2279
c2279_02_n;c2279
c2279_02_r;c2279
c2280_a;c2280
c2280_dirt_a;c2280
c2280_dirt_n;c2280
c2280_dirt_r;c2280
c2280_FUR_a;c2280
c2280_FUR_n;c2280
c2280_FUR_r;c2280
c2280_HAIR_a;c2280
c2280_HAIR_n;c2280
c2280_HAIR_r;c2280
c2280_HAIR02_a;c2280
c2280_HAIR02_n;c2280
c2280_HAIR02_r;c2280
c2280_n;c2280
c2280_r;c2280
c2280_sm;c2280
c2290_a;c2290
c2290_HAIR_a;c2290
c2290_HAIR_n;c2290
c2290_HAIR_r;c2290
c2290_HAIR02_a;c2290
c2290_HAIR02_n;c2290
c2290_HAIR02_r;c2290
c2290_HAIR03_a;c2290
c2290_HAIR03_n;c2290
c2290_HAIR03_r;c2290
c2290_n;c2290
c2290_r;c2290
c3020_ball_a;c3020
c3020_ball_n;c3020
c3020_ball_r;c3020
c3020_body_a;c3020
c3020_body_n;c3020
c3020_body_r;c3020
c3021_a;c3021
c3021_n;c3021
c3021_r;c3021
c3040_AM_a;c3040
c3040_AM_n;c3040
c3040_AM_r;c3040
c3040_BD_cape_a;c3040
c3040_BD_cape_d;c3040
c3040_BD_cape_m;c3040
c3040_BD_cape_n;c3040
c3040_BD_cape_r;c3040
c3040_BD_Chest_a;c3040
c3040_BD_Chest_d;c3040
c3040_BD_Chest_m;c3040
c3040_BD_Chest_n;c3040
c3040_BD_Chest_r;c3040
c3040_HD_a;c3040
c3040_HD_d;c3040
C3040_HD_hair_a;c3040
C3040_HD_hair_n;c3040
C3040_HD_hair_r;c3040
c3040_HD_m;c3040
c3040_HD_n;c3040
c3040_HD_r;c3040
c3040_LG_part01_a;c3040
c3040_LG_part01_d;c3040
c3040_LG_part01_m;c3040
c3040_LG_part01_n;c3040
c3040_LG_part01_r;c3040
c3040_LG_part02_a;c3040
c3040_LG_part02_d;c3040
c3040_LG_part02_m;c3040
c3040_LG_part02_n;c3040
c3040_LG_part02_r;c3040
c3040_WP_A_0113_a;c3040
c3040_WP_A_0113_n;c3040
c3040_WP_A_0113_r;c3040
c3040_WP_A_0620_a;c3040
c3040_WP_A_0620_em;c3040
c3040_WP_A_0620_n;c3040
c3040_WP_A_0620_r;c3040
c3050_a;c3050
c3050_e;c3050
c3050_n;c3050
c3050_r;c3050
c3050_weapon_a;c3050
c3050_weapon_e;c3050
c3050_weapon_n;c3050
c3050_weapon_r;c3050
c3060_a;c3060
c3060_branch_a;c3060
c3060_branch_n;c3060
c3060_branch_r;c3060
c3060_e;c3060
c3060_n;c3060
c3060_r;c3060
c3060_weapon_a;c3060
c3060_weapon_e;c3060
c3060_weapon_n;c3060
c3060_weapon_r;c3060
c3070_body_a;c3070
c3070_body_n;c3070
c3070_body_r;c3070
c3070_hair_a;c3070
c3070_hair_n;c3070
c3070_hair_r;c3070
c3070_weapon_a;c3070
c3070_weapon_n;c3070
c3070_weapon_r;c3070
c3080arms_a;c3080
c3080arms_m;c3080
c3080arms_n;c3080
c3080arms_r;c3080
c3080body_a;c3080
c3080body_m;c3080
c3080body_n;c3080
c3080body_r;c3080
c3080branch_a;c3080
c3080branch_n;c3080
c3080branch_r;c3080
c3080hair01_a;c3080
c3080hair01_n;c3080
c3080hair01_r;c3080
c3080hair02_a;c3080
c3080hair02_n;c3080
c3080hair02_r;c3080
c3080hair03_a;c3080
c3080hair03_n;c3080
c3080hair03_r;c3080
c3080tail_a;c3080
c3080tail_n;c3080
c3080tail_r;c3080
c3080web_a;c3080
c3080web_n;c3080
c3080web_r;c3080
c3080wing_a;c3080
c3080wing_n;c3080
c3080wing_r;c3080
c3090_body2_a;c3090
c3090_body2_n;c3090
c3090_body2_r;c3090
c3090_body3_a;c3090
c3090_cage_a;c3090
c3090_cage_n;c3090
c3090_cage_r;c3090
c3100_crystal_a;c3100
c3100_crystal_em;c3100
c3100_crystal_n;c3100
c3100_crystal_r;c3100
c3100_UV01_a;c3100
c3100_UV01_n;c3100
c3100_UV01_r;c3100
c3100_UV02_a;c3100
c3100_UV02_n;c3100
c3100_UV02_r;c3100
c3100_UV03_a;c3100
c3100_UV03_n;c3100
c3100_UV03_r;c3100
c3100_UV04_a;c3100
c3100_UV04_em;c3100
c3100_UV04_n;c3100
c3100_UV04_r;c3100
c3110_a;c3110
c3110_hair_a;c3110
c3110_hair_n;c3110
c3110_hair_r;c3110
c3110_n;c3110
c3110_r;c3110
c3120_a;c3120
c3120_Fur_2_a;c3120
c3120_Fur_2_n;c3120
c3120_Fur_2_r;c3120
c3120_Fur_a;c3120
c3120_Fur_n;c3120
c3120_Fur_r;c3120
c3120_n;c3120
c3120_r;c3120
c3120_stick_a;c3120
c3120_stick_n;c3120
c3120_stick_r;c3120
c3120_stickRoot_a;c3120
c3120_stickRoot_n;c3120
c3120_stickRoot_r;c3120
c3141_a;c3141
c3141_n;c3141
c3141_r;c3141
c3160_AM_a;c3160
c3160_AM_n;c3160
c3160_AM_r;c3160
c3160_BD_a;c3160
c3160_BD_n;c3160
c3160_BD_r;c3160
c3160_BD2_a;c3160
c3160_BD2_n;c3160
c3160_BD2_r;c3160
c3160_HD_a;c3160
c3160_HD_n;c3160
c3160_HD_r;c3160
c3160_HD2_a;c3160
c3160_HD2_n;c3160
c3160_HD2_r;c3160
c3160_LG_a;c3160
c3160_LG_n;c3160
c3160_LG_r;c3160
c3160_WP_a;c3160
c3160_WP_n;c3160
c3160_WP_r;c3160
c3160_WP2_a;c3160
c3160_WP2_n;c3160
c3160_WP2_r;c3160
c3170_Body_1_a;c3170
c3170_Body_1_n;c3170
c3170_Body_1_r;c3170
c3170_Body_2_a;c3170
c3170_Body_2_n;c3170
c3170_Body_2_r;c3170
c3170_Body_3_a;c3170
c3170_Body_3_n;c3170
c3170_Body_3_r;c3170
c3170_Hands_a;c3170
c3170_Hands_n;c3170
c3170_Hands_r;c3170
c3170_Head_a;c3170
c3170_Head_n;c3170
c3170_Head_r;c3170
c3170_Legs_a;c3170
c3170_Legs_n;c3170
c3170_Legs_r;c3170
c3170_Sword_a;c3170
c3170_Sword_n;c3170
c3170_Sword_r;c3170
c3190_a;c3190
c3190_hair_a;c3190
c3190_hair_n;c3190
c3190_hair_r;c3190
c3190_hammer_a;c3190
c3190_hammer_n;c3190
c3190_hammer_r;c3190
c3190_n;c3190
c3190_r;c3190
c3200_bd_F_a;c3200
c3200_bd_F_n;c3200
c3200_bd_F_r;c3200
c3200_eye_a;c3200
c3200_eye_n;c3200
c3200_eye_r;c3200
c3200_eye2_a;c3200
c3200_eye2_n;c3200
c3200_eye2_r;c3200
c3200_fc_a;c3200
c3200_fc_n;c3200
c3200_fc_r;c3200
c3200_hr1_a;c3200
c3200_hr1_n;c3200
c3200_hr1_r;c3200
c3210_a;c3210
c3210_n;c3210
c3210_r;c3210
c3220_a;c3220
c3220_n;c3220
c3220_r;c3220
c3230_1_a;c3230
c3230_a;c3230
c3230_n;c3230
c3230_r;c3230
c3250_body_a;c3250
c3250_body_n;c3250
c3250_body_r;c3250
c3250_bottom_a;c3250
c3250_bottom_n;c3250
c3250_bottom_r;c3250
c3250_eye_a;c3250
c3250_eye_n;c3250
c3250_eye_r;c3250
c3250_face_a;c3250
c3250_face_n;c3250
c3250_face_r;c3250
c3250_hair_a;c3250
c3250_hair_n;c3250
c3250_hair_r;c3250
c5019_a;c5019
c5019_hair_a;c5019
c5019_hair_n;c5019
c5019_hair_r;c5019
c5019_n;c5019
c5019_r;c5019
c5019_Sword_a;c5019
c5019_Sword_n;c5019
c5019_Sword_r;c5019
c5020_Damage_a;c5020
c5020_Damage_em;c5020
c5020_Damage_m;c5020
c5020_Damage_n;c5020
c5020_Damage_r;c5020
c5020_UV01_a;c5020
c5020_UV01_black_a;c5020
c5020_UV01_black_em;c5020
c5020_UV01_em;c5020
c5020_UV01_m;c5020
c5020_UV01_n;c5020
c5020_UV01_r;c5020
c5020_UV02_a;c5020
c5020_UV02_black_a;c5020
c5020_UV02_black_em;c5020
c5020_UV02_em;c5020
c5020_UV02_m;c5020
c5020_UV02_n;c5020
c5020_UV02_r;c5020
c5020_UV03_a;c5020
c5020_UV03_black_a;c5020
c5020_UV03_black_em;c5020
c5020_UV03_em;c5020
c5020_UV03_m;c5020
c5020_UV03_n;c5020
c5020_UV03_r;c5020
c5020_UV04_a;c5020
c5020_UV04_black_a;c5020
c5020_UV04_black_em;c5020
c5020_UV04_em;c5020
c5020_UV04_m;c5020
c5020_UV04_n;c5020
c5020_UV04_r;c5020
c5020_UV05_a;c5020
c5020_UV05_m;c5020
c5020_UV05_n;c5020
c5020_UV05_r;c5020
c5030_beast_a;c5030
c5030_beast_hair_a;c5030
c5030_beast_hair_n;c5030
c5030_beast_hair_r;c5030
c5030_beast_n;c5030
c5030_beast_r;c5030
c5110_a;c5110
c5110_jarei_body_01_a;c5110
c5110_jarei_body_01_h;c5110
c5110_jarei_body_01_n;c5110
c5110_jarei_body_01_r;c5110
c5110_jarei_body_01_v;c5110
c5110_jarei_body_02_v;c5110
c5110_jarei_eye_a;c5110
c5110_jarei_eye_e;c5110
c5110_jarei_eye_em;c5110
c5110_jarei_eye_n;c5110
c5110_jarei_eye_r;c5110
c5110_jarei_horn_01_a;c5110
c5110_jarei_horn_01_n;c5110
c5110_jarei_horn_01_r;c5110
c5110_jarei_mouth_a;c5110
c5110_jarei_mouth_n;c5110
c5110_jarei_mouth_r;c5110
c5110_n;c5110
c5110_r;c5110
c5110_wp_a;c5110
c5110_WP_A_0634_a;c5110
c5110_WP_A_0634_em;c5110
c5110_WP_A_0634_n;c5110
c5110_WP_A_0634_r;c5110
c5110_wp_n;c5110
c5110_wp_r;c5110
c5140_a;c5140
c5140_Corrosion_a;c5140
c5140_Corrosion_n;c5140
c5140_Corrosion_r;c5140
c5140_equipment_a;c5140
c5140_equipment_n;c5140
c5140_equipment_r;c5140
c5140_main part_a;c5140
c5140_main part_n;c5140
c5140_main part_r;c5140
c5140_n;c5140
c5140_r;c5140
c5140_sword01_a;c5140
c5140_sword01_n;c5140
c5140_sword01_r;c5140
c5140_sword02_a;c5140
c5140_sword02_n;c5140
c5140_sword02_r;c5140
c5140_wings_a;c5140
c5140_wings_n;c5140
c5140_wings_r;c5140
c5150_Back_a;c5150
c5150_Back_h;c5150
c5150_Back_n;c5150
c5150_Back_r;c5150
c5150_Back_v;c5150
c5150_Front_a;c5150
c5150_Front_n;c5150
c5150_Front_r;c5150
c5150_Weapon_a;c5150
c5150_Weapon_n;c5150
c5150_Weapon_r;c5150
c5160_a;c5160
c5160_accessories_a;c5160
c5160_accessories_em;c5160
c5160_accessories_n;c5160
c5160_accessories_r;c5160
c5160_n;c5160
c5160_r;c5160
c5160_weapon_a;c5160
c5160_weapon_em;c5160
c5160_weapon_n;c5160
c5160_weapon_r;c5160
c5180_a;c5180
c5180_Arm_a;c5180
c5180_Arm_n;c5180
c5180_Arm_r;c5180
c5180_Arm_sm;c5180
c5180_Body_a;c5180
c5180_Body_n;c5180
c5180_Body_r;c5180
c5180_Body_sm;c5180
c5180_Branch_a;c5180
c5180_Branch_n;c5180
c5180_Branch_r;c5180
c5180_BurstEgg_a;c5180
c5180_BurstEgg_n;c5180
c5180_BurstEgg_r;c5180
c5180_BurstEgg_sm;c5180
c5180_Egg_a;c5180
c5180_Egg_n;c5180
c5180_Egg_r;c5180
c5180_Egg_sm;c5180
c5180_Egg_ss;c5180
c5180_Fruit_a;c5180
c5180_Fruit_n;c5180
c5180_Fruit_r;c5180
c5180_Fruit_sm;c5180
c5180_Limbs_a;c5180
c5180_Limbs_n;c5180
c5180_Limbs_r;c5180
c5180_n;c5180
c5180_r;c5180
c5180_Roots_a;c5180
c5180_Roots_n;c5180
c5180_Roots_r;c5180
c5180_Roots2_a;c5180
c5180_Roots2_n;c5180
c5180_Roots2_r;c5180
c5180_Roots3_a;c5180
c5180_Roots3_n;c5180
c5180_Roots3_r;c5180
c5180_Tree_a;c5180
c5180_Tree_n;c5180
c5180_Tree_r;c5180
c5200_a;c5200
c5200_hair_a;c5200
c5200_hair_n;c5200
c5200_hair_r;c5200
c5200_n;c5200
c5200_r;c5200
c5200_weapon_a;c5200
c5200_weapon_n;c5200
c5200_weapon_r;c5200
c5210_body_a;c5210
c5210_body_m;c5210
c5210_body_n;c5210
c5210_body_r;c5210
c5210_hair_a;c5210
c5210_hair_n;c5210
c5210_hair_r;c5210
c5210_worm_a;c5210
c5210_worm_m;c5210
c5210_worm_n;c5210
c5210_worm_r;c5210
c5220_body_01_a;c5220
c5220_body_01_n;c5220
c5220_body_01_r;c5220
c5220_crosier_a;c5220
c5220_crosier_n;c5220
c5220_crosier_r;c5220
c5220_head_01_a;c5220
c5220_head_01_n;c5220
c5220_head_01_r;c5220
c5220_WP_A_1311_a;c5220
c5220_WP_A_1311_n;c5220
c5220_WP_A_1311_r;c5220
c5221_body_03_a;c5221
c5221_body_03_n;c5221
c5221_body_03_r;c5221
c5221_head_03_a;c5221
c5221_head_03_n;c5221
c5221_head_03_r;c5221
c5222_body_02_a;c5222
c5222_body_02_n;c5222
c5222_body_02_r;c5222
c5222_head_02_a;c5222
c5222_head_02_n;c5222
c5222_head_02_r;c5222
c5223_body_02_a;c5223
c5223_body_02_n;c5223
c5223_body_02_r;c5223
c5223_head_02_a;c5223
c5223_head_02_n;c5223
c5223_head_02_r;c5223
c5225_body_03_a;c5225
c5225_body_03_n;c5225
c5225_body_03_r;c5225
c5225_head_03_a;c5225
c5225_head_03_n;c5225
c5225_head_03_r;c5225
c5226_body_02_a;c5226
c5226_body_02_n;c5226
c5226_body_02_r;c5226
c5226_head_02_a;c5226
c5226_head_02_n;c5226
c5226_head_02_r;c5226
c5227_body_02_a;c5227
c5227_body_02_n;c5227
c5227_body_02_r;c5227
c5227_head_02_a;c5227
c5227_head_02_n;c5227
c5227_head_02_r;c5227
c5229_candler_02_a;c5229
c5229_candler_02_n;c5229
c5229_candler_02_r;c5229
c5229_candler_03_a;c5229
c5229_candler_03_n;c5229
c5229_candler_03_r;c5229
c5229_Tatter_a;c5229
c5229_Tatter_n;c5229
c5229_Tatter_r;c5229
c5229_WP_A_0216_a;c5229
c5229_WP_A_0216_n;c5229
c5229_WP_A_0216_r;c5229
c5240_a;c5240
c5240_arm_a;c5240
c5240_arm_n;c5240
c5240_arm_r;c5240
c5240_Chest_01_a;c5240
c5240_Chest_01_n;c5240
c5240_Chest_01_r;c5240
c5240_Chest_02_a;c5240
c5240_Chest_02_n;c5240
c5240_Chest_02_r;c5240
c5240_Head_a;c5240
c5240_Head_n;c5240
c5240_Head_r;c5240
c5240_leg_a;c5240
c5240_leg_n;c5240
c5240_leg_r;c5240
c5240_n;c5240
c5240_r;c5240
c5240_weapon_a;c5240
c5240_weapon_n;c5240
c5240_weapon_r;c5240
c5250_a;c5250
c5250_Hair_a;c5250
c5250_Hair_n;c5250
c5250_Hair_r;c5250
c5250_Hands_a;c5250
c5250_Hands_n;c5250
c5250_Hands_r;c5250
c5250_Head_a;c5250
c5250_Head_n;c5250
c5250_Head_r;c5250
c5250_Head_sm;c5250
c5250_Helmet_a;c5250
c5250_Helmet_n;c5250
c5250_Helmet_r;c5250
c5250_Legs_a;c5250
c5250_Legs_n;c5250
c5250_Legs_r;c5250
c5250_n;c5250
c5250_r;c5250
c5250_Sword_a;c5250
c5250_Sword_n;c5250
c5250_Sword_r;c5250
c5250_WP_A_0626_a;c5250
c5250_WP_A_0626_em;c5250
c5250_WP_A_0626_n;c5250
c5250_WP_A_0626_r;c5250
c5259_2_a;c5259
c5259_2_n;c5259
c5259_2_r;c5259
c5259_2_sm;c5259
c5259_a;c5259
c5259_n;c5259
c5259_r;c5259
c5260_armour_a;c5260
c5260_armour_n;c5260
c5260_armour_r;c5260
c5260_body_a;c5260
c5260_body_e;c5260
c5260_body_n;c5260
c5260_body_r;c5260
c5260_chainmail_a;c5260
c5260_chainmail_n;c5260
c5260_chainmail_r;c5260
c5260_cloth_a;c5260
c5260_cloth_n;c5260
c5260_cloth_r;c5260
c5260_sword_a;c5260
c5260_sword_em;c5260
c5260_sword_n;c5260
c5260_sword_r;c5260
c5270_a;c5270
c5270_darksword_em;c5270
c5270_h;c5270
c5270_heatsword_a;c5270
c5270_heatsword_e;c5270
c5270_heatsword_n;c5270
c5270_heatsword_r;c5270
c5270_n;c5270
c5270_r;c5270
c5270_veil_a;c5270
c5270_veil_n;c5270
c5280_AM_a;c5280
c5280_AM_em;c5280
c5280_AM_n;c5280
c5280_AM_r;c5280
c5280_BD_01_a;c5280
c5280_BD_01_em;c5280
c5280_BD_01_n;c5280
c5280_BD_01_r;c5280
c5280_BD_02_a;c5280
c5280_BD_02_em;c5280
c5280_BD_02_n;c5280
c5280_BD_02_r;c5280
c5280_BD_addclotharmor_a;c5280
c5280_BD_addclotharmor_em;c5280
c5280_BD_addclotharmor_n;c5280
c5280_BD_addclotharmor_r;c5280
c5280_capetop_a;c5280
c5280_capetop_em;c5280
c5280_capetop_n;c5280
c5280_capetop_r;c5280
c5280_flamecape_a;c5280
c5280_flamecape_em;c5280
c5280_flamecape_n;c5280
c5280_flamecape_r;c5280
c5280_HD_a;c5280
c5280_HD_em;c5280
c5280_HD_n;c5280
c5280_HD_r;c5280
c5280_LG_a;c5280
c5280_LG_em;c5280
c5280_LG_n;c5280
c5280_LG_r;c5280
c5280_mantle_a;c5280
c5280_mantle_em;c5280
c5280_mantle_n;c5280
c5280_mantle_r;c5280
c5280_scabbard_a;c5280
c5280_scabbard_em;c5280
c5280_scabbard_n;c5280
c5280_scabbard_r;c5280
c5280_weapon_a;c5280
c5280_weapon_em;c5280
c5280_weapon_n;c5280
c5280_weapon_r;c5280
c6000_AM_a;c6000
c6000_AM_n;c6000
c6000_AM_r;c6000
c6000_BD_a;c6000
c6000_BD_n;c6000
c6000_BD_r;c6000
c6000_BD02_a;c6000
c6000_BD02_n;c6000
c6000_BD02_r;c6000
c6000_hair_a;c6000
c6000_hair_n;c6000
c6000_hair_r;c6000
c6000_HD_a;c6000
c6000_HD_n;c6000
c6000_HD_r;c6000
c6000_HD02_a;c6000
c6000_HD02_n;c6000
c6000_HD02_r;c6000
c6000_LG_a;c6000
c6000_LG_n;c6000
c6000_LG_r;c6000
c6000_WP2301_a;c6000
c6000_WP2301_n;c6000
c6000_WP2301_r;c6000
c6010_a;c6010
c6010_Chair_a;c6010
c6010_Chair_n;c6010
c6010_Chair_r;c6010
c6010_cloth_01_a;c6010
c6010_cloth_01_n;c6010
c6010_cloth_01_r;c6010
c6010_cloth_02_a;c6010
c6010_cloth_02_n;c6010
c6010_cloth_02_r;c6010
c6010_fether_a;c6010
c6010_fether_n;c6010
c6010_fether_r;c6010
c6010_fur_a;c6010
c6010_fur_n;c6010
c6010_fur_r;c6010
c6010_fur2_a;c6010
c6010_fur2_n;c6010
c6010_fur2_r;c6010
c6010_hair_a;c6010
c6010_hair_n;c6010
c6010_hair_r;c6010
c6010_magma_01_a;c6010
c6010_magma_01_e;c6010
c6010_magma_01_n;c6010
c6010_magma_01_v;c6010
c6010_n;c6010
c6010_r;c6010
c6010_vessel_a;c6010
c6010_vessel_n;c6010
c6010_vessel_r;c6010
c6010_wip_a;c6010
c6010_wip_n;c6010
c6010_wip_r;c6010
C6010_WP0412_a;c6000
C6010_WP0412_n;c6000
C6010_WP0412_r;c6000
C6010_WP0923_a;c6000
C6010_WP0923_n;c6000
C6010_WP0923_r;c6000
C6010_WP2030_a;c6000
C6010_WP2030_n;c6000
C6010_WP2030_r;c6000
c6020_BD_a;c6020
c6020_BD_em;c6020
c6020_BD_n;c6020
c6020_BD_r;c6020
c6020_eye_a;c6020
c6020_eye_n;c6020
c6020_eye_r;c6020
c6020_hair_a;c6020
c6020_hair_n;c6020
c6020_hair_r;c6020
c6020_HD_a;c6020
c6020_HD_em;c6020
c6020_HD_n;c6020
c6020_HD_r;c6020
c6020_HDbackface_a;c6020
c6020_head_a;c6020
c6020_head_n;c6020
c6020_head_r;c6020
c6020_LG_a;c6020
c6020_LG_n;c6020
c6020_LG_r;c6020
c6020_mayu_a;c6020
c6020_mayu_n;c6020
c6020_mayu_r;c6020
c6020_skin_a;c6020
c6020_skin_n;c6020
c6020_skin_r;c6020
c6020_WP_a;c6020
c6020_WP_em;c6020
c6020_WP_n;c6020
c6020_WP_r;c6020
c6030_a;c6030
c6030_Hair_01_a;c6030
c6030_Hair_01_n;c6030
c6030_Hair_02_a;c6030
c6030_Hair_02_n;c6030
c6030_hairTEST_a;c6030
c6030_hairTEST_n;c6030
c6030_n;c6030
c6030_r;c6030
c6030_s;c6030
c6040_a;c6040
c6040_Hair_01_a;c6040
c6040_Hair_01_n;c6040
c6040_n;c6040
c6040_r;c6040
c6050_a;c6050
c6050_Hair_01_a;c6050
c6050_Hair_01_n;c6050
c6050_n;c6050
c6050_r;c6050
c6060_a;c6060
c6060_e;c6060
c6060_hair002_a;c6060
c6060_hair002_n;c6060
c6060_hair002_r;c6060
c6060_n;c6060
c6060_r;c6060
c6070_BD_a;c6070
c6070_BD_n;c6070
c6070_BD_r;c6070
c6070_cloth_a;c6070
c6070_cloth_n;c6070
c6070_cloth_r;c6070
c6070_weapon_01_a;c6070
c6070_weapon_01_n;c6070
c6070_weapon_01_r;c6070
c6070_weapon_02_a;c6070
c6070_weapon_02_n;c6070
c6070_weapon_02_r;c6070
c6080_a;c6080
c6080_fur_a;c6080
c6080_fur_n;c6080
c6080_fur_r;c6080
c6080_fur2_a;c6080
c6080_fur2_n;c6080
c6080_fur2_r;c6080
c6080_wand_a;c6080
c6080_wand_n;c6080
c6080_wand_r;c6080
c6081_bandage_a;c6081
c6081_bandage_n;c6081
c6081_bandage_r;c6081
c6081_fur3_a;c6081
c6081_fur3_n;c6081
c6081_fur3_r;c6081
c6081_plague_a;c6081
c6089_fur1_a;c6089
c6089_fur1_n;c6089
c6089_fur1_r;c6089
c6089_n;c6089
c6089_r;c6089
c6089_tail_a;c6089
c6089_tail_n;c6089
c6089_tail_r;c6089
c6090_body_a;c6090
c6090_body_em;c6090
c6090_body_n;c6090
c6090_body_r;c6090
c6090_wing_a;c6090
c6090_wing_n;c6090
c6090_wing_r;c6090
c6100_ARROW_a;c6100
c6100_ARROW_n;c6100
c6100_ARROW_r;c6100
c6100_AXE_a;c6100
c6100_AXE_n;c6100
c6100_AXE_r;c6100
c6100_Body_01_a;c6100
c6100_Body_01_n;c6100
c6100_Body_01_r;c6100
c6100_Body_02_a;c6100
c6100_Body_02_Leader_a;c6100
c6100_Body_02_Leader_n;c6100
c6100_Body_02_Leader_r;c6100
c6100_Body_02_n;c6100
c6100_Body_02_r;c6100
c6100_BOW_a;c6100
c6100_BOW_n;c6100
c6100_BOW_r;c6100
c6100_BOW_s;c6100
c6100_Cape_a;c6100
c6100_chain_a;c6100
c6100_chain_alpha;c6100
c6100_chain_n;c6100
c6100_chain_r;c6100
c6100_chainunique_n;c6100
c6100_FUR_01_a;c6100
c6100_FUR_01_n;c6100
c6100_FURBASE_01_a;c6100
c6100_FURBASE_01_n;c6100
c6100_Hands_a;c6100
c6100_Hands_n;c6100
c6100_Hands_r;c6100
c6100_Head_a;c6100
c6100_Head_n;c6100
c6100_Head_r;c6100
c6100_Helmet_01_a;c6100
c6100_Helmet_01_Leader_a;c6100
c6100_Helmet_01_Leader_n;c6100
c6100_Helmet_01_Leader_r;c6100
c6100_Helmet_01_n;c6100
c6100_Helmet_01_r;c6100
c6100_Legs_a;c6100
c6100_Legs_n;c6100
c6100_Legs_r;c6100
c6100_LONGAXE_a;c6100
c6100_LONGAXE_n;c6100
c6100_LONGAXE_r;c6100
c6100_SHIELD_a;c6100
c6100_SHIELD_n;c6100
c6100_SHIELD_r;c6100
c6100_STONEHAMMER_a;c6100
c6100_STONEHAMMER_n;c6100
c6100_STONEHAMMER_r;c6100
c6120_cloth_a;c6120;c6121
c6120_cloth_n;c6120;c6121
c6120_cloth_r;c6120;c6121
c6120_eye_a;c6120;c6121
c6120_eye_n;c6120;c6121
c6120_eye_r;c6120;c6121
c6120_hair_a;c6120;c6121
c6120_hair_n;c6120;c6121
c6120_hair_r;c6120;c6121
c6120_hat_a;c6120;c6121
c6120_hat_n;c6120;c6121
c6120_hat_r;c6120;c6121
c6120_head_a;c6120;c6121
c6120_head_n;c6120;c6121
c6120_head_r;c6120;c6121
c6120_mayu_a;c6120;c6121
c6120_mayu_n;c6120;c6121
c6120_mayu_r;c6120;c6121
c6120_pants_a;c6120;c6121
c6120_pants_n;c6120;c6121
c6120_pants_r;c6120;c6121
c6120_skin_a;c6120;c6121
c6120_skin_n;c6120;c6121
c6120_skin_r;c6120;c6121
c6121_mohu_a;c6121
c6121_mohu_n;c6121
c6121_mohu_r;c6121
c6130_01_a;c6130
c6130_01_n;c6130
c6130_01_r;c6130
c6130_02_a;c6130
c6130_02_n;c6130
c6130_02_r;c6130
c6200_a;c6200
c6200_Body_a;c6200
c6200_Body_Dust_a;c6200
c6200_Body_Dust_n;c6200
c6200_Body_Dust_r;c6200
c6200_Body_em;c6200
c6200_Body_n;c6200
c6200_Body_r;c6200
c6200_Cape_a;c6200
c6200_Cape_Dust_a;c6200
c6200_Cape_Dust_n;c6200
c6200_Cape_Dust_r;c6200
c6200_Cape_n;c6200
c6200_Cape_r;c6200
c6200_Face_a;c6200
c6200_Face_n;c6200
c6200_Face_r;c6200
c6200_Hair_a;c6200
c6200_Hair_n;c6200
c6200_Hair_r;c6200
c6200_mant_a;c6200
c6200_mant_n;c6200
c6200_mant_r;c6200
c6200_n;c6200
c6200_r;c6200
c6200_Weapon_a;c6200
c6200_Weapon_Dust_a;c6200
c6200_Weapon_Dust_n;c6200
c6200_Weapon_Dust_r;c6200
c6200_Weapon_n;c6200
c6200_Weapon_r;c6200
c6200_WP_A_1419_a;c6200
c6200_WP_A_1419_n;c6200
c6200_WP_A_1419_r;c6200
c6201_Body_Dust_a;c6201
c6201_Body_Dust_n;c6201
c6201_Body_Dust_r;c6201
c6201_Body_em;c6201
c6201_Cape_Dust_a;c6201
c6201_Cape_Dust_n;c6201
c6201_Cape_Dust_r;c6201
c6201_Face_a;c6201
c6201_Face_n;c6201
c6201_Face_r;c6201
c6201_Hair_a;c6201
c6201_Hair_n;c6201
c6201_Hair_r;c6201
c6201_Weapon_Dust_a;c6201
c6201_Weapon_Dust_n;c6201
c6201_Weapon_Dust_r;c6201
c6207_weapon_a;c6270
c6207_weapon_n;c6270
c6207_weapon_r;c6270
c6210_ArmLeg_a;c6210
c6210_ArmLeg_n;c6210
c6210_ArmLeg_r;c6210
c6210_Body_a;c6210
c6210_Body_n;c6210
c6210_Body_r;c6210
c6210_crystal_a;c6210
c6210_crystal_em;c6210
c6210_crystal_n;c6210
c6210_crystal_r;c6210
c6210_Face_a;c6210
c6210_Face_n;c6210
c6210_Face_r;c6210
c6210_Wing01Tail_a;c6210
c6210_Wing01Tail_n;c6210
c6210_Wing01Tail_r;c6210
c6210_Wing02_a;c6210
c6210_Wing02_n;c6210
c6210_Wing02_r;c6210
c6211_ArmLeg_a;c6211
c6211_ArmLeg_n;c6211
c6211_ArmLeg_r;c6211
c6211_Body_a;c6211
c6211_Body_n;c6211
c6211_Body_r;c6211
c6211_crystal_a;c6211
c6211_crystal_em;c6211
c6211_crystal_n;c6211
c6211_crystal_r;c6211
c6211_Face_a;c6211
c6211_Face_n;c6211
c6211_Face_r;c6211
c6211_Wing01Tail_a;c6211
c6211_Wing01Tail_n;c6211
c6211_Wing01Tail_r;c6211
c6211_Wing02_a;c6211
c6211_Wing02_n;c6211
c6211_Wing02_r;c6211
c6232_a;c6232
c6239_a;c6239
c6239_Details_a;c6239
c6239_Details_n;c6239
c6239_Details_r;c6239
c6239_n;c6239
c6239_r;c6239
c6239_Weapon1_a;c6239
c6239_Weapon1_n;c6239
c6239_Weapon1_r;c6239
c6239_Weapon2_a;c6239
c6239_Weapon2_n;c6239
c6239_Weapon2_r;c6239
c6240_a;c6240
c6240_Liquid_a;c6240
c6240_Liquid_n;c6240
c6240_Liquid_r;c6240
c6240_n;c6240
c6240_Pilgrim_a;c6240
c6240_Pilgrim_n;c6240
c6240_Pilgrim_r;c6240
c6240_r;c6240
c6240_sm;c6240
c6240_Tatter_a;c6240
c6240_Tatter_n;c6240
c6240_Tatter_r;c6240
c6250_Body_a;c6250
c6250_Body_n;c6250
c6250_Body_r;c6250
c6250_Wings_a;c6250
c6250_Wings_em;c6250
c6250_Wings_n;c6250
c6250_Wings_r;c6250
c6260_AM_a;c6260
c6260_AM_n;c6260
c6260_AM_r;c6260
c6260_BD_a;c6260
c6260_BD_em;c6260
c6260_BD_n;c6260
c6260_BD_r;c6260
c6260_Chain_a;c6260
c6260_Chain_r;c6260
c6260_HD_a;c6260
c6260_HD_n;c6260
c6260_HD_r;c6260
c6260_head_a;c6260
c6260_head_n;c6260
c6260_head_r;c6260
c6260_Lance_a;c6260
c6260_Lance_em;c6260
c6260_Lance_n;c6260
c6260_Lance_r;c6260
c6260_LG_a;c6260
c6260_LG_n;c6260
c6260_LG_r;c6260
c6260_Shield_a;c6260
c6260_Shield_n;c6260
c6260_Shield_r;c6260
c6260_Shield_Small_a;c6260
c6260_Shield_Small_n;c6260
c6260_Shield_Small_r;c6260
c6260_Sword_a;c6260
c6260_Sword_em;c6260
c6260_Sword_n;c6260
c6260_Sword_r;c6260
c6260_TwinSword_a;c6260
c6260_TwinSword_em;c6260
c6260_TwinSword_n;c6260
c6260_TwinSword_r;c6260
c6270_a;c6270
c6270_cloth_a;c6270
c6270_cloth_n;c6270
c6270_cloth_r;c6270
c6270_n;c6270
c6270_r;c6270
c6280_a;c6280
c6280_Body_a;c6280
c6280_Body_n;c6280
c6280_Body_r;c6280
c6280_Bottom_a;c6280
c6280_Bottom_n;c6280
c6280_Bottom_r;c6280
c6280_Hair_a;c6280
c6280_Hair_n;c6280
c6280_Hair_r;c6280
c6280_Hair_s;c6280
c6280_n;c6280
c6280_r;c6280
c6280_sm;c6280
c6280_Top_a;c6280
c6280_Top_n;c6280
c6280_Top_r;c6280
c6280_Top_s;c6280
c6290_a;c6290
c6290_hair_a;c6290
c6290_hair_n;c6290
c6290_hair_r;c6290
c6290_n;c6290
c6290_r;c6290
c6300_a;c6300
c6300_cloth_a;c6300
c6300_cloth_n;c6300
c6300_cloth_r;c6300
c6300_hair_a;c6300
c6300_hair_n;c6300
c6300_hair_r;c6300
c6300_n;c6300
c6300_NoBlood_cloth_a;c6300
c6300_r;c6300
c6310_cieclet_a;c6310
c6310_cieclet_n;c6310
c6310_cieclet_r;c6310
c6310_dress_a;c6310
c6310_dress_n;c6310
c6310_dress_r;c6310
c6310_egg_a;c6310
c6310_egg_n;c6310
c6310_egg_r;c6310
c6310_EyebrowsAndEyelashes_a;c6310
c6310_EyebrowsAndEyelashes_n;c6310
c6310_EyebrowsAndEyelashes_r;c6310
c6310_hair_a;c6310
c6310_hair_n;c6310
c6310_hair_r;c6310
c6310_head_a;c6310
c6310_head_m;c6310
c6310_head_n;c6310
c6310_head_r;c6310
c6310_mummy_cieclet_a;c6310
c6310_mummy_cieclet_n;c6310
c6310_mummy_cieclet_r;c6310
c6310_mummy_dress_a;c6310
c6310_mummy_dress_n;c6310
c6310_mummy_dress_r;c6310
c6310_mummy_hair_a;c6310
c6310_mummy_hair_n;c6310
c6310_mummy_hair_r;c6310
c6310_mummy_skin_a;c6310
c6310_mummy_skin_n;c6310
c6310_mummy_skin_r;c6310
c6310_skin_a;c6310
c6310_skin_m;c6310
c6310_skin_n;c6310
c6310_skin_r;c6310
c6320_AM_a;c6320
c6320_AM_n;c6320
c6320_AM_r;c6320
c6320_BD_a;c6320
c6320_BD_n;c6320
c6320_BD_r;c6320
c6320_BD02_a;c6320
c6320_BD02_n;c6320
c6320_BD02_r;c6320
c6320_LG_a;c6320
c6320_LG_n;c6320
c6320_LG_r;c6320
c6320_weapon_a;c6320
c6320_weapon_n;c6320
c6320_weapon_r;c6320
c6339_2_a;c6339
c6339_a;c6339
c6339_n;c6339
c6339_r;c6339
c6339_Weapon_a;c6339
c6339_Weapon_n;c6339
c6339_Weapon_r;c6339
c6339_wing_2_n;c6339
c6339_wing_2_r;c6339
c6339_wing_a;c6339
c6339_wing_n;c6339
c6339_wing_r;c6339
